4G LTE not working ,4G LTE speed issues ,Cell service down ,Date/Time,Everything is down ,How long ago,Internet down ,Internet speed issues ,Issue,Landline problems ,Location,Provider,Reports in last 20 minutes,Source,Text sending problems ,Website down 
,,,Thu 21 Mar 2019 17:33:13,,22h,,,Cell service down,,"Saint Charles, MN",Verizon,0,Outage Report,,
,,,Thu 21 Mar 2019 17:33:13,,22h,,,Cell service down,,"Marietta, GA",Verizon,0,Outage Report,,
,,,Thu 21 Mar 2019 17:33:13,,21h,,,Internet down,,"Hampton, VA",Verizon,0,Outage Report,,
,,,Thu 21 Mar 2019 17:33:13,,20h,,,Internet down,,"Philadelphia, PA",Verizon,0,Outage Report,,
,,,Thu 21 Mar 2019 17:33:13,,15h,,,Internet down,,not recognized,Verizon,0,Outage Report,,
,,,Thu 21 Mar 2019 17:33:13,,13h,,,Internet down,,"Washington, DC",Verizon,0,Outage Report,,
,,27%,Thu 21 Mar 2019 17:33:13,20%,4h,40%,7%,Internet down,,"Clarkston, MI",AT&T,3,Outage Report,,7%
,,27%,Thu 21 Mar 2019 17:33:13,20%,2h,40%,7%,Internet down,,TX,AT&T,3,Outage Report,,7%
,,27%,Thu 21 Mar 2019 17:33:13,20%,1h,40%,7%,Internet speed issues,,"Littleton, CO",AT&T,3,Outage Report,,7%
,,27%,Thu 21 Mar 2019 17:33:13,20%,16m,40%,7%,Internet down,,"Sheboygan, WI",AT&T,3,Outage Report,,7%
,,27%,Thu 21 Mar 2019 17:33:13,20%,8m,40%,7%,Cell service down,,"Temple, TX",AT&T,3,Outage Report,,7%
,,27%,Thu 21 Mar 2019 17:33:13,20%,4m,40%,7%,Cell service down,,"Goldthwaite, TX",AT&T,3,Outage Report,,7%
35%,6%,35%,Thu 21 Mar 2019 16:21:50,6%,1h,,,4G LTE not working,,"Mira Loma, CA",Sprint,3,Outage Report,12%,6%
35%,6%,35%,Thu 21 Mar 2019 16:21:50,6%,41m,,,4G LTE not working,,"Monte Vista, CO",Sprint,3,Outage Report,12%,6%
35%,6%,35%,Thu 21 Mar 2019 16:21:50,6%,25m,,,Cell service down,,TX,Sprint,3,Outage Report,12%,6%
35%,6%,35%,Thu 21 Mar 2019 16:21:50,6%,18m,,,4G LTE not working,,MO,Sprint,3,Outage Report,12%,6%
35%,6%,35%,Thu 21 Mar 2019 16:21:50,6%,11m,,,Cell service down,,"Edinburg, TX",Sprint,3,Outage Report,12%,6%
35%,6%,35%,Thu 21 Mar 2019 16:21:50,6%,3m,,,Cell service down,,"Petersburg, MI",Sprint,3,Outage Report,12%,6%
,,17%,Thu 21 Mar 2019 16:21:48,17%,5h,39%,11%,Internet down,6%,TX,AT&T,1,Outage Report,,11%
,,17%,Thu 21 Mar 2019 16:21:48,17%,5h,39%,11%,Cell service down,6%,TX,AT&T,1,Outage Report,,11%
,,17%,Thu 21 Mar 2019 16:21:48,17%,4h,39%,11%,Internet down,6%,"Exton, PA",AT&T,1,Outage Report,,11%
,,17%,Thu 21 Mar 2019 16:21:48,17%,2h,39%,11%,Internet down,6%,"Clarkston, MI",AT&T,1,Outage Report,,11%
,,17%,Thu 21 Mar 2019 16:21:48,17%,52m,39%,11%,Internet down,6%,TX,AT&T,1,Outage Report,,11%
,,17%,Thu 21 Mar 2019 16:21:48,17%,9m,39%,11%,Internet speed issues,6%,"Littleton, CO",AT&T,1,Outage Report,,11%
,,,Thu 21 Mar 2019 16:22:17,,17h,50%,25%,Internet down,,"Minneapolis, MN",Windstream,1,Outage Report,,25%
,,,Thu 21 Mar 2019 16:22:17,,16h,50%,25%,Internet down,,"Madison, WI",Windstream,1,Outage Report,,25%
,,,Thu 21 Mar 2019 16:22:17,,10h,50%,25%,Internet down,,"Alexander City, AL",Windstream,1,Outage Report,,25%
,,,Thu 21 Mar 2019 16:22:17,,1h,50%,25%,Website down,,"Omaha, NE",Windstream,1,Outage Report,,25%
,,,Thu 21 Mar 2019 16:22:17,,28m,50%,25%,Internet speed issues,,"Kennesaw, GA",Windstream,1,Outage Report,,25%
,,,Thu 21 Mar 2019 16:22:17,,9m,50%,25%,Internet down,,"Fort Lauderdale, FL",Windstream,1,Outage Report,,25%
,,,Thu 21 Mar 2019 17:33:24,,17h,40%,40%,Internet down,,"Madison, WI",Windstream,0,Outage Report,,20%
,,,Thu 21 Mar 2019 17:33:24,,11h,40%,40%,Internet down,,"Alexander City, AL",Windstream,0,Outage Report,,20%
,,,Thu 21 Mar 2019 17:33:24,,2h,40%,40%,Website down,,"Omaha, NE",Windstream,0,Outage Report,,20%
,,,Thu 21 Mar 2019 17:33:24,,1h,40%,40%,Internet speed issues,,"Kennesaw, GA",Windstream,0,Outage Report,,20%
,,,Thu 21 Mar 2019 17:33:24,,1h,40%,40%,Internet down,,"Fort Lauderdale, FL",Windstream,0,Outage Report,,20%
,,,Thu 21 Mar 2019 17:33:24,,49m,40%,40%,Internet speed issues,,"Newark, OH",Windstream,0,Outage Report,,20%
,,,Thu 21 Mar 2019 17:36:57,,Mar 19,100%,,Landline problems,,"Woodstock, GA",Comcast Business,0,Outage Report,,
,,,Thu 21 Mar 2019 17:36:57,,Mar 19,100%,,Internet down,,"Seattle, WA",Comcast Business,0,Outage Report,,
,,,Thu 21 Mar 2019 17:36:57,,Mar 20,100%,,Internet down,,"Cambridge, MA",Comcast Business,0,Outage Report,,
,,,Thu 21 Mar 2019 17:36:57,,23h,100%,,Internet down,,"Decatur, GA",Comcast Business,0,Outage Report,,
,,,Thu 21 Mar 2019 17:36:57,,20h,100%,,Internet down,,"Oakland, CA",Comcast Business,0,Outage Report,,
,,,Thu 21 Mar 2019 17:36:57,,1h,100%,,Internet down,,"Salt Lake City, UT",Comcast Business,0,Outage Report,,
,,,Thu 21 Mar 2019 16:22:19,,Mar 19,,,Internet down,,"Keego Harbor, MI",Comcast Business,0,Outage Report,,
,,,Thu 21 Mar 2019 16:22:19,,Mar 19,,,Landline problems,,"Woodstock, GA",Comcast Business,0,Outage Report,,
,,,Thu 21 Mar 2019 16:22:19,,Mar 19,,,Internet down,,"Seattle, WA",Comcast Business,0,Outage Report,,
,,,Thu 21 Mar 2019 16:22:19,,Mar 20,,,Internet down,,"Cambridge, MA",Comcast Business,0,Outage Report,,
,,,Thu 21 Mar 2019 16:22:19,,22h,,,Internet down,,"Decatur, GA",Comcast Business,0,Outage Report,,
,,,Thu 21 Mar 2019 16:22:19,,19h,,,Internet down,,"Oakland, CA",Comcast Business,0,Outage Report,,
,,,Thu 21 Mar 2019 16:22:01,,Mar 19,,,Internet down,,"Keego Harbor, MI",Comcast Business,0,Outage Report,,
,,,Thu 21 Mar 2019 16:22:01,,Mar 19,,,Landline problems,,"Woodstock, GA",Comcast Business,0,Outage Report,,
,,,Thu 21 Mar 2019 16:22:01,,Mar 19,,,Internet down,,"Seattle, WA",Comcast Business,0,Outage Report,,
,,,Thu 21 Mar 2019 16:22:01,,Mar 20,,,Internet down,,"Cambridge, MA",Comcast Business,0,Outage Report,,
,,,Thu 21 Mar 2019 16:22:01,,22h,,,Internet down,,"Decatur, GA",Comcast Business,0,Outage Report,,
,,,Thu 21 Mar 2019 16:22:01,,19h,,,Internet down,,"Oakland, CA",Comcast Business,0,Outage Report,,
,,17%,Thu 21 Mar 2019 16:22:36,17%,5h,39%,11%,Internet down,6%,TX,AT&T,1,Outage Report,,11%
,,17%,Thu 21 Mar 2019 16:22:36,17%,5h,39%,11%,Cell service down,6%,TX,AT&T,1,Outage Report,,11%
,,17%,Thu 21 Mar 2019 16:22:36,17%,4h,39%,11%,Internet down,6%,"Exton, PA",AT&T,1,Outage Report,,11%
,,17%,Thu 21 Mar 2019 16:22:36,17%,2h,39%,11%,Internet down,6%,"Clarkston, MI",AT&T,1,Outage Report,,11%
,,17%,Thu 21 Mar 2019 16:22:36,17%,52m,39%,11%,Internet down,6%,TX,AT&T,1,Outage Report,,11%
,,17%,Thu 21 Mar 2019 16:22:36,17%,10m,39%,11%,Internet speed issues,6%,"Littleton, CO",AT&T,1,Outage Report,,11%
,,,Thu 21 Mar 2019 16:22:12,,17h,50%,25%,Internet down,,"Minneapolis, MN",Windstream,1,Outage Report,,25%
,,,Thu 21 Mar 2019 16:22:12,,16h,50%,25%,Internet down,,"Madison, WI",Windstream,1,Outage Report,,25%
,,,Thu 21 Mar 2019 16:22:12,,10h,50%,25%,Internet down,,"Alexander City, AL",Windstream,1,Outage Report,,25%
,,,Thu 21 Mar 2019 16:22:12,,1h,50%,25%,Website down,,"Omaha, NE",Windstream,1,Outage Report,,25%
,,,Thu 21 Mar 2019 16:22:12,,28m,50%,25%,Internet speed issues,,"Kennesaw, GA",Windstream,1,Outage Report,,25%
,,,Thu 21 Mar 2019 16:22:12,,9m,50%,25%,Internet down,,"Fort Lauderdale, FL",Windstream,1,Outage Report,,25%
,,,Thu 21 Mar 2019 17:36:50,67%,16h,33%,,Internet down,,"The Bronx, NY",Optimum,0,Outage Report,,
,,,Thu 21 Mar 2019 17:36:50,67%,12h,33%,,Internet down,,"New York, NY",Optimum,0,Outage Report,,
,,,Thu 21 Mar 2019 17:36:50,67%,12h,33%,,Internet down,,"Santa Fe, NM",Optimum,0,Outage Report,,
,,,Thu 21 Mar 2019 17:36:50,67%,10h,33%,,Internet down,,not recognized,Optimum,0,Outage Report,,
,,,Thu 21 Mar 2019 17:36:50,67%,2h,33%,,Everything is down,,"Brooklyn, NY",Optimum,0,Outage Report,,
,,,Thu 21 Mar 2019 17:36:50,67%,2h,33%,,Everything is down,,"Brooklyn, NY",Optimum,0,Outage Report,,
,,29%,Thu 21 Mar 2019 17:36:47,21%,4h,43%,7%,Internet down,,"Clarkston, MI",AT&T,3,Outage Report,,
,,29%,Thu 21 Mar 2019 17:36:47,21%,2h,43%,7%,Internet down,,TX,AT&T,3,Outage Report,,
,,29%,Thu 21 Mar 2019 17:36:47,21%,1h,43%,7%,Internet speed issues,,"Littleton, CO",AT&T,3,Outage Report,,
,,29%,Thu 21 Mar 2019 17:36:47,21%,19m,43%,7%,Internet down,,"Sheboygan, WI",AT&T,3,Outage Report,,
,,29%,Thu 21 Mar 2019 17:36:47,21%,11m,43%,7%,Cell service down,,"Temple, TX",AT&T,3,Outage Report,,
,,29%,Thu 21 Mar 2019 17:36:47,21%,7m,43%,7%,Cell service down,,"Goldthwaite, TX",AT&T,3,Outage Report,,
,,,Thu 21 Mar 2019 16:21:43,,17h,50%,25%,Internet down,,"Minneapolis, MN",Windstream,1,Outage Report,,25%
,,,Thu 21 Mar 2019 16:21:43,,16h,50%,25%,Internet down,,"Madison, WI",Windstream,1,Outage Report,,25%
,,,Thu 21 Mar 2019 16:21:43,,10h,50%,25%,Internet down,,"Alexander City, AL",Windstream,1,Outage Report,,25%
,,,Thu 21 Mar 2019 16:21:43,,1h,50%,25%,Website down,,"Omaha, NE",Windstream,1,Outage Report,,25%
,,,Thu 21 Mar 2019 16:21:43,,27m,50%,25%,Internet speed issues,,"Kennesaw, GA",Windstream,1,Outage Report,,25%
,,,Thu 21 Mar 2019 16:21:43,,8m,50%,25%,Internet down,,"Fort Lauderdale, FL",Windstream,1,Outage Report,,25%
,,,Thu 21 Mar 2019 16:22:18,40%,15h,60%,,Internet down,,"The Bronx, NY",Optimum,0,Outage Report,,
,,,Thu 21 Mar 2019 16:22:18,40%,10h,60%,,Internet down,,"New York, NY",Optimum,0,Outage Report,,
,,,Thu 21 Mar 2019 16:22:18,40%,10h,60%,,Internet down,,"Santa Fe, NM",Optimum,0,Outage Report,,
,,,Thu 21 Mar 2019 16:22:18,40%,9h,60%,,Internet down,,not recognized,Optimum,0,Outage Report,,
,,,Thu 21 Mar 2019 16:22:18,40%,1h,60%,,Everything is down,,"Brooklyn, NY",Optimum,0,Outage Report,,
,,,Thu 21 Mar 2019 16:22:18,40%,1h,60%,,Everything is down,,"Brooklyn, NY",Optimum,0,Outage Report,,
,,,Thu 21 Mar 2019 17:13:42,40%,16h,60%,,Internet down,,"The Bronx, NY",Optimum,0,Outage Report,,
,,,Thu 21 Mar 2019 17:13:42,40%,11h,60%,,Internet down,,"New York, NY",Optimum,0,Outage Report,,
,,,Thu 21 Mar 2019 17:13:42,40%,11h,60%,,Internet down,,"Santa Fe, NM",Optimum,0,Outage Report,,
,,,Thu 21 Mar 2019 17:13:42,40%,10h,60%,,Internet down,,not recognized,Optimum,0,Outage Report,,
,,,Thu 21 Mar 2019 17:13:42,40%,2h,60%,,Everything is down,,"Brooklyn, NY",Optimum,0,Outage Report,,
,,,Thu 21 Mar 2019 17:13:42,40%,2h,60%,,Everything is down,,"Brooklyn, NY",Optimum,0,Outage Report,,
,,,Thu 21 Mar 2019 17:13:40,,17h,40%,40%,Internet down,,"Madison, WI",Windstream,0,Outage Report,,20%
,,,Thu 21 Mar 2019 17:13:40,,11h,40%,40%,Internet down,,"Alexander City, AL",Windstream,0,Outage Report,,20%
,,,Thu 21 Mar 2019 17:13:40,,2h,40%,40%,Website down,,"Omaha, NE",Windstream,0,Outage Report,,20%
,,,Thu 21 Mar 2019 17:13:40,,1h,40%,40%,Internet speed issues,,"Kennesaw, GA",Windstream,0,Outage Report,,20%
,,,Thu 21 Mar 2019 17:13:40,,1h,40%,40%,Internet down,,"Fort Lauderdale, FL",Windstream,0,Outage Report,,20%
,,,Thu 21 Mar 2019 17:13:40,,29m,40%,40%,Internet speed issues,,"Newark, OH",Windstream,0,Outage Report,,20%
,,,Thu 21 Mar 2019 16:22:09,,21h,,,Cell service down,,"Saint Charles, MN",Verizon,0,Outage Report,,
,,,Thu 21 Mar 2019 16:22:09,,20h,,,Cell service down,,"Marietta, GA",Verizon,0,Outage Report,,
,,,Thu 21 Mar 2019 16:22:09,,20h,,,Internet down,,"Hampton, VA",Verizon,0,Outage Report,,
,,,Thu 21 Mar 2019 16:22:09,,19h,,,Internet down,,"Philadelphia, PA",Verizon,0,Outage Report,,
,,,Thu 21 Mar 2019 16:22:09,,13h,,,Internet down,,not recognized,Verizon,0,Outage Report,,
,,,Thu 21 Mar 2019 16:22:09,,12h,,,Internet down,,"Washington, DC",Verizon,0,Outage Report,,
42%,5%,32%,Thu 21 Mar 2019 17:33:15,5%,1h,,,Cell service down,,TX,Sprint,0,Outage Report,11%,5%
42%,5%,32%,Thu 21 Mar 2019 17:33:15,5%,1h,,,4G LTE not working,,MO,Sprint,0,Outage Report,11%,5%
42%,5%,32%,Thu 21 Mar 2019 17:33:15,5%,1h,,,Cell service down,,"Edinburg, TX",Sprint,0,Outage Report,11%,5%
42%,5%,32%,Thu 21 Mar 2019 17:33:15,5%,1h,,,Cell service down,,"Petersburg, MI",Sprint,0,Outage Report,11%,5%
42%,5%,32%,Thu 21 Mar 2019 17:33:15,5%,1h,,,4G LTE not working,,"Edinburg, TX",Sprint,0,Outage Report,11%,5%
42%,5%,32%,Thu 21 Mar 2019 17:33:15,5%,26m,,,4G LTE not working,,"San Antonio, TX",Sprint,0,Outage Report,11%,5%
,,17%,Thu 21 Mar 2019 16:22:09,17%,5h,39%,11%,Internet down,6%,TX,AT&T,1,Outage Report,,11%
,,17%,Thu 21 Mar 2019 16:22:09,17%,5h,39%,11%,Cell service down,6%,TX,AT&T,1,Outage Report,,11%
,,17%,Thu 21 Mar 2019 16:22:09,17%,4h,39%,11%,Internet down,6%,"Exton, PA",AT&T,1,Outage Report,,11%
,,17%,Thu 21 Mar 2019 16:22:09,17%,2h,39%,11%,Internet down,6%,"Clarkston, MI",AT&T,1,Outage Report,,11%
,,17%,Thu 21 Mar 2019 16:22:09,17%,52m,39%,11%,Internet down,6%,TX,AT&T,1,Outage Report,,11%
,,17%,Thu 21 Mar 2019 16:22:09,17%,9m,39%,11%,Internet speed issues,6%,"Littleton, CO",AT&T,1,Outage Report,,11%
,,,Thu 21 Mar 2019 17:33:16,,18h,100%,,Internet down,,"The Bronx, NY",Time Warner Cable,0,Outage Report,,
,,,Thu 21 Mar 2019 17:33:16,,17h,100%,,Internet down,,"The Bronx, NY",Time Warner Cable,0,Outage Report,,
,,,Thu 21 Mar 2019 17:33:16,,12h,100%,,Internet down,,"Pacoima, CA",Time Warner Cable,0,Outage Report,,
,,,Thu 21 Mar 2019 17:33:16,,5h,100%,,Internet down,,"Charlotte, NC",Time Warner Cable,0,Outage Report,,
,,,Thu 21 Mar 2019 17:33:16,,3h,100%,,Internet down,,"Lake Geneva, WI",Time Warner Cable,0,Outage Report,,
,,,Thu 21 Mar 2019 17:33:16,,1h,100%,,Internet down,,"Taylor, MI",Time Warner Cable,0,Outage Report,,
,,,Thu 21 Mar 2019 17:15:05,,17h,100%,,Internet down,,"The Bronx, NY",Time Warner Cable,0,Outage Report,,
,,,Thu 21 Mar 2019 17:15:05,,16h,100%,,Internet down,,"The Bronx, NY",Time Warner Cable,0,Outage Report,,
,,,Thu 21 Mar 2019 17:15:05,,11h,100%,,Internet down,,"Pacoima, CA",Time Warner Cable,0,Outage Report,,
,,,Thu 21 Mar 2019 17:15:05,,5h,100%,,Internet down,,"Charlotte, NC",Time Warner Cable,0,Outage Report,,
,,,Thu 21 Mar 2019 17:15:05,,3h,100%,,Internet down,,"Lake Geneva, WI",Time Warner Cable,0,Outage Report,,
,,,Thu 21 Mar 2019 17:15:05,,59m,100%,,Internet down,,"Taylor, MI",Time Warner Cable,0,Outage Report,,
,,,Thu 21 Mar 2019 17:13:34,40%,16h,60%,,Internet down,,"The Bronx, NY",Optimum,0,Outage Report,,
,,,Thu 21 Mar 2019 17:13:34,40%,11h,60%,,Internet down,,"New York, NY",Optimum,0,Outage Report,,
,,,Thu 21 Mar 2019 17:13:34,40%,11h,60%,,Internet down,,"Santa Fe, NM",Optimum,0,Outage Report,,
,,,Thu 21 Mar 2019 17:13:34,40%,10h,60%,,Internet down,,not recognized,Optimum,0,Outage Report,,
,,,Thu 21 Mar 2019 17:13:34,40%,2h,60%,,Everything is down,,"Brooklyn, NY",Optimum,0,Outage Report,,
,,,Thu 21 Mar 2019 17:13:34,40%,2h,60%,,Everything is down,,"Brooklyn, NY",Optimum,0,Outage Report,,
,,,Thu 21 Mar 2019 16:22:14,,Mar 19,,,Internet down,,"Keego Harbor, MI",Comcast Business,0,Outage Report,,
,,,Thu 21 Mar 2019 16:22:14,,Mar 19,,,Landline problems,,"Woodstock, GA",Comcast Business,0,Outage Report,,
,,,Thu 21 Mar 2019 16:22:14,,Mar 19,,,Internet down,,"Seattle, WA",Comcast Business,0,Outage Report,,
,,,Thu 21 Mar 2019 16:22:14,,Mar 20,,,Internet down,,"Cambridge, MA",Comcast Business,0,Outage Report,,
,,,Thu 21 Mar 2019 16:22:14,,22h,,,Internet down,,"Decatur, GA",Comcast Business,0,Outage Report,,
,,,Thu 21 Mar 2019 16:22:14,,19h,,,Internet down,,"Oakland, CA",Comcast Business,0,Outage Report,,
,,,Thu 21 Mar 2019 16:22:44,,17h,50%,25%,Internet down,,"Minneapolis, MN",Windstream,1,Outage Report,,25%
,,,Thu 21 Mar 2019 16:22:44,,16h,50%,25%,Internet down,,"Madison, WI",Windstream,1,Outage Report,,25%
,,,Thu 21 Mar 2019 16:22:44,,10h,50%,25%,Internet down,,"Alexander City, AL",Windstream,1,Outage Report,,25%
,,,Thu 21 Mar 2019 16:22:44,,1h,50%,25%,Website down,,"Omaha, NE",Windstream,1,Outage Report,,25%
,,,Thu 21 Mar 2019 16:22:44,,28m,50%,25%,Internet speed issues,,"Kennesaw, GA",Windstream,1,Outage Report,,25%
,,,Thu 21 Mar 2019 16:22:44,,9m,50%,25%,Internet down,,"Fort Lauderdale, FL",Windstream,1,Outage Report,,25%
,,,Thu 21 Mar 2019 17:33:17,67%,16h,33%,,Internet down,,"The Bronx, NY",Optimum,0,Outage Report,,
,,,Thu 21 Mar 2019 17:33:17,67%,12h,33%,,Internet down,,"New York, NY",Optimum,0,Outage Report,,
,,,Thu 21 Mar 2019 17:33:17,67%,12h,33%,,Internet down,,"Santa Fe, NM",Optimum,0,Outage Report,,
,,,Thu 21 Mar 2019 17:33:17,67%,10h,33%,,Internet down,,not recognized,Optimum,0,Outage Report,,
,,,Thu 21 Mar 2019 17:33:17,67%,2h,33%,,Everything is down,,"Brooklyn, NY",Optimum,0,Outage Report,,
,,,Thu 21 Mar 2019 17:33:17,67%,2h,33%,,Everything is down,,"Brooklyn, NY",Optimum,0,Outage Report,,
,,,Thu 21 Mar 2019 16:22:07,,16h,100%,,Internet down,,"The Bronx, NY",Time Warner Cable,1,Outage Report,,
,,,Thu 21 Mar 2019 16:22:07,,16h,100%,,Internet down,,"The Bronx, NY",Time Warner Cable,1,Outage Report,,
,,,Thu 21 Mar 2019 16:22:07,,10h,100%,,Internet down,,"Pacoima, CA",Time Warner Cable,1,Outage Report,,
,,,Thu 21 Mar 2019 16:22:07,,4h,100%,,Internet down,,"Charlotte, NC",Time Warner Cable,1,Outage Report,,
,,,Thu 21 Mar 2019 16:22:07,,2h,100%,,Internet down,,"Lake Geneva, WI",Time Warner Cable,1,Outage Report,,
,,,Thu 21 Mar 2019 16:22:07,,6m,100%,,Internet down,,"Taylor, MI",Time Warner Cable,1,Outage Report,,
,,,Thu 21 Mar 2019 16:21:35,,16h,100%,,Internet down,,"The Bronx, NY",Time Warner Cable,1,Outage Report,,
,,,Thu 21 Mar 2019 16:21:35,,16h,100%,,Internet down,,"The Bronx, NY",Time Warner Cable,1,Outage Report,,
,,,Thu 21 Mar 2019 16:21:35,,10h,100%,,Internet down,,"Pacoima, CA",Time Warner Cable,1,Outage Report,,
,,,Thu 21 Mar 2019 16:21:35,,4h,100%,,Internet down,,"Charlotte, NC",Time Warner Cable,1,Outage Report,,
,,,Thu 21 Mar 2019 16:21:35,,2h,100%,,Internet down,,"Lake Geneva, WI",Time Warner Cable,1,Outage Report,,
,,,Thu 21 Mar 2019 16:21:35,,5m,100%,,Internet down,,"Taylor, MI",Time Warner Cable,1,Outage Report,,
,,,Thu 21 Mar 2019 16:21:34,,21h,,,Cell service down,,"Saint Charles, MN",Verizon,0,Outage Report,,
,,,Thu 21 Mar 2019 16:21:34,,20h,,,Cell service down,,"Marietta, GA",Verizon,0,Outage Report,,
,,,Thu 21 Mar 2019 16:21:34,,19h,,,Internet down,,"Hampton, VA",Verizon,0,Outage Report,,
,,,Thu 21 Mar 2019 16:21:34,,19h,,,Internet down,,"Philadelphia, PA",Verizon,0,Outage Report,,
,,,Thu 21 Mar 2019 16:21:34,,13h,,,Internet down,,not recognized,Verizon,0,Outage Report,,
,,,Thu 21 Mar 2019 16:21:34,,12h,,,Internet down,,"Washington, DC",Verizon,0,Outage Report,,
,,,Thu 21 Mar 2019 16:22:38,40%,15h,60%,,Internet down,,"The Bronx, NY",Optimum,0,Outage Report,,
,,,Thu 21 Mar 2019 16:22:38,40%,10h,60%,,Internet down,,"New York, NY",Optimum,0,Outage Report,,
,,,Thu 21 Mar 2019 16:22:38,40%,10h,60%,,Internet down,,"Santa Fe, NM",Optimum,0,Outage Report,,
,,,Thu 21 Mar 2019 16:22:38,40%,9h,60%,,Internet down,,not recognized,Optimum,0,Outage Report,,
,,,Thu 21 Mar 2019 16:22:38,40%,1h,60%,,Everything is down,,"Brooklyn, NY",Optimum,0,Outage Report,,
,,,Thu 21 Mar 2019 16:22:38,40%,1h,60%,,Everything is down,,"Brooklyn, NY",Optimum,0,Outage Report,,
,,17%,Thu 21 Mar 2019 16:22:05,17%,5h,39%,11%,Internet down,6%,TX,AT&T,1,Outage Report,,11%
,,17%,Thu 21 Mar 2019 16:22:05,17%,5h,39%,11%,Cell service down,6%,TX,AT&T,1,Outage Report,,11%
,,17%,Thu 21 Mar 2019 16:22:05,17%,4h,39%,11%,Internet down,6%,"Exton, PA",AT&T,1,Outage Report,,11%
,,17%,Thu 21 Mar 2019 16:22:05,17%,2h,39%,11%,Internet down,6%,"Clarkston, MI",AT&T,1,Outage Report,,11%
,,17%,Thu 21 Mar 2019 16:22:05,17%,52m,39%,11%,Internet down,6%,TX,AT&T,1,Outage Report,,11%
,,17%,Thu 21 Mar 2019 16:22:05,17%,9m,39%,11%,Internet speed issues,6%,"Littleton, CO",AT&T,1,Outage Report,,11%
,,,Thu 21 Mar 2019 17:13:32,,22h,,,Cell service down,,"Saint Charles, MN",Verizon,0,Outage Report,,
,,,Thu 21 Mar 2019 17:13:32,,21h,,,Cell service down,,"Marietta, GA",Verizon,0,Outage Report,,
,,,Thu 21 Mar 2019 17:13:32,,20h,,,Internet down,,"Hampton, VA",Verizon,0,Outage Report,,
,,,Thu 21 Mar 2019 17:13:32,,20h,,,Internet down,,"Philadelphia, PA",Verizon,0,Outage Report,,
,,,Thu 21 Mar 2019 17:13:32,,14h,,,Internet down,,not recognized,Verizon,0,Outage Report,,
,,,Thu 21 Mar 2019 17:13:32,,13h,,,Internet down,,"Washington, DC",Verizon,0,Outage Report,,
,,,Thu 21 Mar 2019 17:15:04,,22h,,,Cell service down,,"Saint Charles, MN",Verizon,0,Outage Report,,
,,,Thu 21 Mar 2019 17:15:04,,21h,,,Cell service down,,"Marietta, GA",Verizon,0,Outage Report,,
,,,Thu 21 Mar 2019 17:15:04,,20h,,,Internet down,,"Hampton, VA",Verizon,0,Outage Report,,
,,,Thu 21 Mar 2019 17:15:04,,20h,,,Internet down,,"Philadelphia, PA",Verizon,0,Outage Report,,
,,,Thu 21 Mar 2019 17:15:04,,14h,,,Internet down,,not recognized,Verizon,0,Outage Report,,
,,,Thu 21 Mar 2019 17:15:04,,13h,,,Internet down,,"Washington, DC",Verizon,0,Outage Report,,
,,,Thu 21 Mar 2019 17:33:26,,Mar 19,100%,,Landline problems,,"Woodstock, GA",Comcast Business,0,Outage Report,,
,,,Thu 21 Mar 2019 17:33:26,,Mar 19,100%,,Internet down,,"Seattle, WA",Comcast Business,0,Outage Report,,
,,,Thu 21 Mar 2019 17:33:26,,Mar 20,100%,,Internet down,,"Cambridge, MA",Comcast Business,0,Outage Report,,
,,,Thu 21 Mar 2019 17:33:26,,23h,100%,,Internet down,,"Decatur, GA",Comcast Business,0,Outage Report,,
,,,Thu 21 Mar 2019 17:33:26,,20h,100%,,Internet down,,"Oakland, CA",Comcast Business,0,Outage Report,,
,,,Thu 21 Mar 2019 17:33:26,,56m,100%,,Internet down,,"Salt Lake City, UT",Comcast Business,0,Outage Report,,
,,,Thu 21 Mar 2019 16:22:36,,21h,,,Cell service down,,"Saint Charles, MN",Verizon,0,Outage Report,,
,,,Thu 21 Mar 2019 16:22:36,,20h,,,Cell service down,,"Marietta, GA",Verizon,0,Outage Report,,
,,,Thu 21 Mar 2019 16:22:36,,20h,,,Internet down,,"Hampton, VA",Verizon,0,Outage Report,,
,,,Thu 21 Mar 2019 16:22:36,,19h,,,Internet down,,"Philadelphia, PA",Verizon,0,Outage Report,,
,,,Thu 21 Mar 2019 16:22:36,,13h,,,Internet down,,not recognized,Verizon,0,Outage Report,,
,,,Thu 21 Mar 2019 16:22:36,,12h,,,Internet down,,"Washington, DC",Verizon,0,Outage Report,,
,,,Thu 21 Mar 2019 17:15:14,40%,16h,60%,,Internet down,,"The Bronx, NY",Optimum,0,Outage Report,,
,,,Thu 21 Mar 2019 17:15:14,40%,11h,60%,,Internet down,,"New York, NY",Optimum,0,Outage Report,,
,,,Thu 21 Mar 2019 17:15:14,40%,11h,60%,,Internet down,,"Santa Fe, NM",Optimum,0,Outage Report,,
,,,Thu 21 Mar 2019 17:15:14,40%,10h,60%,,Internet down,,not recognized,Optimum,0,Outage Report,,
,,,Thu 21 Mar 2019 17:15:14,40%,2h,60%,,Everything is down,,"Brooklyn, NY",Optimum,0,Outage Report,,
,,,Thu 21 Mar 2019 17:15:14,40%,2h,60%,,Everything is down,,"Brooklyn, NY",Optimum,0,Outage Report,,
,,,Thu 21 Mar 2019 17:15:15,,Mar 19,100%,,Landline problems,,"Woodstock, GA",Comcast Business,0,Outage Report,,
,,,Thu 21 Mar 2019 17:15:15,,Mar 19,100%,,Internet down,,"Seattle, WA",Comcast Business,0,Outage Report,,
,,,Thu 21 Mar 2019 17:15:15,,Mar 20,100%,,Internet down,,"Cambridge, MA",Comcast Business,0,Outage Report,,
,,,Thu 21 Mar 2019 17:15:15,,23h,100%,,Internet down,,"Decatur, GA",Comcast Business,0,Outage Report,,
,,,Thu 21 Mar 2019 17:15:15,,20h,100%,,Internet down,,"Oakland, CA",Comcast Business,0,Outage Report,,
,,,Thu 21 Mar 2019 17:15:15,,38m,100%,,Internet down,,"Salt Lake City, UT",Comcast Business,0,Outage Report,,
,,,Thu 21 Mar 2019 16:22:05,,21h,,,Cell service down,,"Saint Charles, MN",Verizon,0,Outage Report,,
,,,Thu 21 Mar 2019 16:22:05,,20h,,,Cell service down,,"Marietta, GA",Verizon,0,Outage Report,,
,,,Thu 21 Mar 2019 16:22:05,,20h,,,Internet down,,"Hampton, VA",Verizon,0,Outage Report,,
,,,Thu 21 Mar 2019 16:22:05,,19h,,,Internet down,,"Philadelphia, PA",Verizon,0,Outage Report,,
,,,Thu 21 Mar 2019 16:22:05,,13h,,,Internet down,,not recognized,Verizon,0,Outage Report,,
,,,Thu 21 Mar 2019 16:22:05,,12h,,,Internet down,,"Washington, DC",Verizon,0,Outage Report,,
35%,6%,35%,Thu 21 Mar 2019 16:22:37,6%,1h,,,4G LTE not working,,"Mira Loma, CA",Sprint,3,Outage Report,12%,6%
35%,6%,35%,Thu 21 Mar 2019 16:22:37,6%,42m,,,4G LTE not working,,"Monte Vista, CO",Sprint,3,Outage Report,12%,6%
35%,6%,35%,Thu 21 Mar 2019 16:22:37,6%,26m,,,Cell service down,,TX,Sprint,3,Outage Report,12%,6%
35%,6%,35%,Thu 21 Mar 2019 16:22:37,6%,18m,,,4G LTE not working,,MO,Sprint,3,Outage Report,12%,6%
35%,6%,35%,Thu 21 Mar 2019 16:22:37,6%,12m,,,Cell service down,,"Edinburg, TX",Sprint,3,Outage Report,12%,6%
35%,6%,35%,Thu 21 Mar 2019 16:22:37,6%,4m,,,Cell service down,,"Petersburg, MI",Sprint,3,Outage Report,12%,6%
,,15%,Thu 21 Mar 2019 17:15:03,23%,6h,38%,8%,Internet down,,TX,AT&T,0,Outage Report,,15%
,,15%,Thu 21 Mar 2019 17:15:03,23%,5h,38%,8%,Cell service down,,TX,AT&T,0,Outage Report,,15%
,,15%,Thu 21 Mar 2019 17:15:03,23%,5h,38%,8%,Internet down,,"Exton, PA",AT&T,0,Outage Report,,15%
,,15%,Thu 21 Mar 2019 17:15:03,23%,3h,38%,8%,Internet down,,"Clarkston, MI",AT&T,0,Outage Report,,15%
,,15%,Thu 21 Mar 2019 17:15:03,23%,1h,38%,8%,Internet down,,TX,AT&T,0,Outage Report,,15%
,,15%,Thu 21 Mar 2019 17:15:03,23%,1h,38%,8%,Internet speed issues,,"Littleton, CO",AT&T,0,Outage Report,,15%
,,,Thu 21 Mar 2019 16:21:44,40%,15h,60%,,Internet down,,"The Bronx, NY",Optimum,0,Outage Report,,
,,,Thu 21 Mar 2019 16:21:44,40%,10h,60%,,Internet down,,"New York, NY",Optimum,0,Outage Report,,
,,,Thu 21 Mar 2019 16:21:44,40%,10h,60%,,Internet down,,"Santa Fe, NM",Optimum,0,Outage Report,,
,,,Thu 21 Mar 2019 16:21:44,40%,9h,60%,,Internet down,,not recognized,Optimum,0,Outage Report,,
,,,Thu 21 Mar 2019 16:21:44,40%,1h,60%,,Everything is down,,"Brooklyn, NY",Optimum,0,Outage Report,,
,,,Thu 21 Mar 2019 16:21:44,40%,1h,60%,,Everything is down,,"Brooklyn, NY",Optimum,0,Outage Report,,
,,,Thu 21 Mar 2019 16:21:44,,Mar 19,,,Internet down,,"Keego Harbor, MI",Comcast Business,0,Outage Report,,
,,,Thu 21 Mar 2019 16:21:44,,Mar 19,,,Landline problems,,"Woodstock, GA",Comcast Business,0,Outage Report,,
,,,Thu 21 Mar 2019 16:21:44,,Mar 19,,,Internet down,,"Seattle, WA",Comcast Business,0,Outage Report,,
,,,Thu 21 Mar 2019 16:21:44,,Mar 20,,,Internet down,,"Cambridge, MA",Comcast Business,0,Outage Report,,
,,,Thu 21 Mar 2019 16:21:44,,22h,,,Internet down,,"Decatur, GA",Comcast Business,0,Outage Report,,
,,,Thu 21 Mar 2019 16:21:44,,19h,,,Internet down,,"Oakland, CA",Comcast Business,0,Outage Report,,
,,,Thu 21 Mar 2019 16:22:00,,17h,50%,25%,Internet down,,"Minneapolis, MN",Windstream,1,Outage Report,,25%
,,,Thu 21 Mar 2019 16:22:00,,16h,50%,25%,Internet down,,"Madison, WI",Windstream,1,Outage Report,,25%
,,,Thu 21 Mar 2019 16:22:00,,10h,50%,25%,Internet down,,"Alexander City, AL",Windstream,1,Outage Report,,25%
,,,Thu 21 Mar 2019 16:22:00,,1h,50%,25%,Website down,,"Omaha, NE",Windstream,1,Outage Report,,25%
,,,Thu 21 Mar 2019 16:22:00,,28m,50%,25%,Internet speed issues,,"Kennesaw, GA",Windstream,1,Outage Report,,25%
,,,Thu 21 Mar 2019 16:22:00,,8m,50%,25%,Internet down,,"Fort Lauderdale, FL",Windstream,1,Outage Report,,25%
,,,Thu 21 Mar 2019 17:36:49,,18h,100%,,Internet down,,"The Bronx, NY",Time Warner Cable,0,Outage Report,,
,,,Thu 21 Mar 2019 17:36:49,,17h,100%,,Internet down,,"The Bronx, NY",Time Warner Cable,0,Outage Report,,
,,,Thu 21 Mar 2019 17:36:49,,12h,100%,,Internet down,,"Pacoima, CA",Time Warner Cable,0,Outage Report,,
,,,Thu 21 Mar 2019 17:36:49,,5h,100%,,Internet down,,"Charlotte, NC",Time Warner Cable,0,Outage Report,,
,,,Thu 21 Mar 2019 17:36:49,,3h,100%,,Internet down,,"Lake Geneva, WI",Time Warner Cable,0,Outage Report,,
,,,Thu 21 Mar 2019 17:36:49,,1h,100%,,Internet down,,"Taylor, MI",Time Warner Cable,0,Outage Report,,
,,,Thu 21 Mar 2019 17:13:34,,17h,100%,,Internet down,,"The Bronx, NY",Time Warner Cable,0,Outage Report,,
,,,Thu 21 Mar 2019 17:13:34,,16h,100%,,Internet down,,"The Bronx, NY",Time Warner Cable,0,Outage Report,,
,,,Thu 21 Mar 2019 17:13:34,,11h,100%,,Internet down,,"Pacoima, CA",Time Warner Cable,0,Outage Report,,
,,,Thu 21 Mar 2019 17:13:34,,5h,100%,,Internet down,,"Charlotte, NC",Time Warner Cable,0,Outage Report,,
,,,Thu 21 Mar 2019 17:13:34,,3h,100%,,Internet down,,"Lake Geneva, WI",Time Warner Cable,0,Outage Report,,
,,,Thu 21 Mar 2019 17:13:34,,57m,100%,,Internet down,,"Taylor, MI",Time Warner Cable,0,Outage Report,,
,,17%,Thu 21 Mar 2019 16:21:33,17%,5h,39%,11%,Internet down,6%,TX,AT&T,1,Outage Report,,11%
,,17%,Thu 21 Mar 2019 16:21:33,17%,5h,39%,11%,Cell service down,6%,TX,AT&T,1,Outage Report,,11%
,,17%,Thu 21 Mar 2019 16:21:33,17%,4h,39%,11%,Internet down,6%,"Exton, PA",AT&T,1,Outage Report,,11%
,,17%,Thu 21 Mar 2019 16:21:33,17%,2h,39%,11%,Internet down,6%,"Clarkston, MI",AT&T,1,Outage Report,,11%
,,17%,Thu 21 Mar 2019 16:21:33,17%,51m,39%,11%,Internet down,6%,TX,AT&T,1,Outage Report,,11%
,,17%,Thu 21 Mar 2019 16:21:33,17%,9m,39%,11%,Internet speed issues,6%,"Littleton, CO",AT&T,1,Outage Report,,11%
,,,Thu 21 Mar 2019 16:22:14,40%,15h,60%,,Internet down,,"The Bronx, NY",Optimum,0,Outage Report,,
,,,Thu 21 Mar 2019 16:22:14,40%,10h,60%,,Internet down,,"New York, NY",Optimum,0,Outage Report,,
,,,Thu 21 Mar 2019 16:22:14,40%,10h,60%,,Internet down,,"Santa Fe, NM",Optimum,0,Outage Report,,
,,,Thu 21 Mar 2019 16:22:14,40%,9h,60%,,Internet down,,not recognized,Optimum,0,Outage Report,,
,,,Thu 21 Mar 2019 16:22:14,40%,1h,60%,,Everything is down,,"Brooklyn, NY",Optimum,0,Outage Report,,
,,,Thu 21 Mar 2019 16:22:14,40%,1h,60%,,Everything is down,,"Brooklyn, NY",Optimum,0,Outage Report,,
,,,Thu 21 Mar 2019 16:21:36,40%,15h,60%,,Internet down,,"The Bronx, NY",Optimum,0,Outage Report,,
,,,Thu 21 Mar 2019 16:21:36,40%,10h,60%,,Internet down,,"New York, NY",Optimum,0,Outage Report,,
,,,Thu 21 Mar 2019 16:21:36,40%,10h,60%,,Internet down,,"Santa Fe, NM",Optimum,0,Outage Report,,
,,,Thu 21 Mar 2019 16:21:36,40%,9h,60%,,Internet down,,not recognized,Optimum,0,Outage Report,,
,,,Thu 21 Mar 2019 16:21:36,40%,1h,60%,,Everything is down,,"Brooklyn, NY",Optimum,0,Outage Report,,
,,,Thu 21 Mar 2019 16:21:36,40%,1h,60%,,Everything is down,,"Brooklyn, NY",Optimum,0,Outage Report,,
35%,6%,35%,Thu 21 Mar 2019 16:22:06,6%,1h,,,4G LTE not working,,"Mira Loma, CA",Sprint,3,Outage Report,12%,6%
35%,6%,35%,Thu 21 Mar 2019 16:22:06,6%,41m,,,4G LTE not working,,"Monte Vista, CO",Sprint,3,Outage Report,12%,6%
35%,6%,35%,Thu 21 Mar 2019 16:22:06,6%,25m,,,Cell service down,,TX,Sprint,3,Outage Report,12%,6%
35%,6%,35%,Thu 21 Mar 2019 16:22:06,6%,18m,,,4G LTE not working,,MO,Sprint,3,Outage Report,12%,6%
35%,6%,35%,Thu 21 Mar 2019 16:22:06,6%,11m,,,Cell service down,,"Edinburg, TX",Sprint,3,Outage Report,12%,6%
35%,6%,35%,Thu 21 Mar 2019 16:22:06,6%,3m,,,Cell service down,,"Petersburg, MI",Sprint,3,Outage Report,12%,6%
,,14%,Thu 21 Mar 2019 17:13:31,21%,6h,36%,7%,Internet down,7%,TX,AT&T,0,Outage Report,,14%
,,14%,Thu 21 Mar 2019 17:13:31,21%,5h,36%,7%,Cell service down,7%,TX,AT&T,0,Outage Report,,14%
,,14%,Thu 21 Mar 2019 17:13:31,21%,5h,36%,7%,Internet down,7%,"Exton, PA",AT&T,0,Outage Report,,14%
,,14%,Thu 21 Mar 2019 17:13:31,21%,3h,36%,7%,Internet down,7%,"Clarkston, MI",AT&T,0,Outage Report,,14%
,,14%,Thu 21 Mar 2019 17:13:31,21%,1h,36%,7%,Internet down,7%,TX,AT&T,0,Outage Report,,14%
,,14%,Thu 21 Mar 2019 17:13:31,21%,1h,36%,7%,Internet speed issues,7%,"Littleton, CO",AT&T,0,Outage Report,,14%
,,,Thu 21 Mar 2019 16:22:01,40%,15h,60%,,Internet down,,"The Bronx, NY",Optimum,0,Outage Report,,
,,,Thu 21 Mar 2019 16:22:01,40%,10h,60%,,Internet down,,"New York, NY",Optimum,0,Outage Report,,
,,,Thu 21 Mar 2019 16:22:01,40%,10h,60%,,Internet down,,"Santa Fe, NM",Optimum,0,Outage Report,,
,,,Thu 21 Mar 2019 16:22:01,40%,9h,60%,,Internet down,,not recognized,Optimum,0,Outage Report,,
,,,Thu 21 Mar 2019 16:22:01,40%,1h,60%,,Everything is down,,"Brooklyn, NY",Optimum,0,Outage Report,,
,,,Thu 21 Mar 2019 16:22:01,40%,1h,60%,,Everything is down,,"Brooklyn, NY",Optimum,0,Outage Report,,
,,,Thu 21 Mar 2019 17:36:48,,23h,,,Cell service down,,"Saint Charles, MN",Verizon,0,Outage Report,,
,,,Thu 21 Mar 2019 17:36:48,,22h,,,Cell service down,,"Marietta, GA",Verizon,0,Outage Report,,
,,,Thu 21 Mar 2019 17:36:48,,21h,,,Internet down,,"Hampton, VA",Verizon,0,Outage Report,,
,,,Thu 21 Mar 2019 17:36:48,,20h,,,Internet down,,"Philadelphia, PA",Verizon,0,Outage Report,,
,,,Thu 21 Mar 2019 17:36:48,,15h,,,Internet down,,not recognized,Verizon,0,Outage Report,,
,,,Thu 21 Mar 2019 17:36:48,,13h,,,Internet down,,"Washington, DC",Verizon,0,Outage Report,,
,,,Thu 21 Mar 2019 16:22:45,40%,15h,60%,,Internet down,,"The Bronx, NY",Optimum,0,Outage Report,,
,,,Thu 21 Mar 2019 16:22:45,40%,10h,60%,,Internet down,,"New York, NY",Optimum,0,Outage Report,,
,,,Thu 21 Mar 2019 16:22:45,40%,10h,60%,,Internet down,,"Santa Fe, NM",Optimum,0,Outage Report,,
,,,Thu 21 Mar 2019 16:22:45,40%,9h,60%,,Internet down,,not recognized,Optimum,0,Outage Report,,
,,,Thu 21 Mar 2019 16:22:45,40%,1h,60%,,Everything is down,,"Brooklyn, NY",Optimum,0,Outage Report,,
,,,Thu 21 Mar 2019 16:22:45,40%,1h,60%,,Everything is down,,"Brooklyn, NY",Optimum,0,Outage Report,,
,,,Thu 21 Mar 2019 17:13:43,,Mar 19,100%,,Landline problems,,"Woodstock, GA",Comcast Business,0,Outage Report,,
,,,Thu 21 Mar 2019 17:13:43,,Mar 19,100%,,Internet down,,"Seattle, WA",Comcast Business,0,Outage Report,,
,,,Thu 21 Mar 2019 17:13:43,,Mar 20,100%,,Internet down,,"Cambridge, MA",Comcast Business,0,Outage Report,,
,,,Thu 21 Mar 2019 17:13:43,,23h,100%,,Internet down,,"Decatur, GA",Comcast Business,0,Outage Report,,
,,,Thu 21 Mar 2019 17:13:43,,19h,100%,,Internet down,,"Oakland, CA",Comcast Business,0,Outage Report,,
,,,Thu 21 Mar 2019 17:13:43,,37m,100%,,Internet down,,"Salt Lake City, UT",Comcast Business,0,Outage Report,,
,,,Thu 21 Mar 2019 17:36:56,67%,16h,33%,,Internet down,,"The Bronx, NY",Optimum,0,Outage Report,,
,,,Thu 21 Mar 2019 17:36:56,67%,12h,33%,,Internet down,,"New York, NY",Optimum,0,Outage Report,,
,,,Thu 21 Mar 2019 17:36:56,67%,12h,33%,,Internet down,,"Santa Fe, NM",Optimum,0,Outage Report,,
,,,Thu 21 Mar 2019 17:36:56,67%,10h,33%,,Internet down,,not recognized,Optimum,0,Outage Report,,
,,,Thu 21 Mar 2019 17:36:56,67%,2h,33%,,Everything is down,,"Brooklyn, NY",Optimum,0,Outage Report,,
,,,Thu 21 Mar 2019 17:36:56,67%,2h,33%,,Everything is down,,"Brooklyn, NY",Optimum,0,Outage Report,,
,,,Thu 21 Mar 2019 16:22:12,40%,15h,60%,,Internet down,,"The Bronx, NY",Optimum,0,Outage Report,,
,,,Thu 21 Mar 2019 16:22:12,40%,10h,60%,,Internet down,,"New York, NY",Optimum,0,Outage Report,,
,,,Thu 21 Mar 2019 16:22:12,40%,10h,60%,,Internet down,,"Santa Fe, NM",Optimum,0,Outage Report,,
,,,Thu 21 Mar 2019 16:22:12,40%,9h,60%,,Internet down,,not recognized,Optimum,0,Outage Report,,
,,,Thu 21 Mar 2019 16:22:12,40%,1h,60%,,Everything is down,,"Brooklyn, NY",Optimum,0,Outage Report,,
,,,Thu 21 Mar 2019 16:22:12,40%,1h,60%,,Everything is down,,"Brooklyn, NY",Optimum,0,Outage Report,,
42%,5%,32%,Thu 21 Mar 2019 17:13:33,5%,1h,,,Cell service down,,TX,Sprint,1,Outage Report,11%,5%
42%,5%,32%,Thu 21 Mar 2019 17:13:33,5%,1h,,,4G LTE not working,,MO,Sprint,1,Outage Report,11%,5%
42%,5%,32%,Thu 21 Mar 2019 17:13:33,5%,1h,,,Cell service down,,"Edinburg, TX",Sprint,1,Outage Report,11%,5%
42%,5%,32%,Thu 21 Mar 2019 17:13:33,5%,55m,,,Cell service down,,"Petersburg, MI",Sprint,1,Outage Report,11%,5%
42%,5%,32%,Thu 21 Mar 2019 17:13:33,5%,40m,,,4G LTE not working,,"Edinburg, TX",Sprint,1,Outage Report,11%,5%
42%,5%,32%,Thu 21 Mar 2019 17:13:33,5%,6m,,,4G LTE not working,,"San Antonio, TX",Sprint,1,Outage Report,11%,5%
,,,Thu 21 Mar 2019 16:21:49,,21h,,,Cell service down,,"Saint Charles, MN",Verizon,0,Outage Report,,
,,,Thu 21 Mar 2019 16:21:49,,20h,,,Cell service down,,"Marietta, GA",Verizon,0,Outage Report,,
,,,Thu 21 Mar 2019 16:21:49,,19h,,,Internet down,,"Hampton, VA",Verizon,0,Outage Report,,
,,,Thu 21 Mar 2019 16:21:49,,19h,,,Internet down,,"Philadelphia, PA",Verizon,0,Outage Report,,
,,,Thu 21 Mar 2019 16:21:49,,13h,,,Internet down,,not recognized,Verizon,0,Outage Report,,
,,,Thu 21 Mar 2019 16:21:49,,12h,,,Internet down,,"Washington, DC",Verizon,0,Outage Report,,
42%,5%,32%,Thu 21 Mar 2019 17:15:04,5%,1h,,,Cell service down,,TX,Sprint,1,Outage Report,11%,5%
42%,5%,32%,Thu 21 Mar 2019 17:15:04,5%,1h,,,4G LTE not working,,MO,Sprint,1,Outage Report,11%,5%
42%,5%,32%,Thu 21 Mar 2019 17:15:04,5%,1h,,,Cell service down,,"Edinburg, TX",Sprint,1,Outage Report,11%,5%
42%,5%,32%,Thu 21 Mar 2019 17:15:04,5%,56m,,,Cell service down,,"Petersburg, MI",Sprint,1,Outage Report,11%,5%
42%,5%,32%,Thu 21 Mar 2019 17:15:04,5%,41m,,,4G LTE not working,,"Edinburg, TX",Sprint,1,Outage Report,11%,5%
42%,5%,32%,Thu 21 Mar 2019 17:15:04,5%,7m,,,4G LTE not working,,"San Antonio, TX",Sprint,1,Outage Report,11%,5%
,,,Thu 21 Mar 2019 16:21:51,,16h,100%,,Internet down,,"The Bronx, NY",Time Warner Cable,1,Outage Report,,
,,,Thu 21 Mar 2019 16:21:51,,16h,100%,,Internet down,,"The Bronx, NY",Time Warner Cable,1,Outage Report,,
,,,Thu 21 Mar 2019 16:21:51,,10h,100%,,Internet down,,"Pacoima, CA",Time Warner Cable,1,Outage Report,,
,,,Thu 21 Mar 2019 16:21:51,,4h,100%,,Internet down,,"Charlotte, NC",Time Warner Cable,1,Outage Report,,
,,,Thu 21 Mar 2019 16:21:51,,2h,100%,,Internet down,,"Lake Geneva, WI",Time Warner Cable,1,Outage Report,,
,,,Thu 21 Mar 2019 16:21:51,,5m,100%,,Internet down,,"Taylor, MI",Time Warner Cable,1,Outage Report,,
35%,6%,35%,Thu 21 Mar 2019 16:22:10,6%,1h,,,4G LTE not working,,"Mira Loma, CA",Sprint,3,Outage Report,12%,6%
35%,6%,35%,Thu 21 Mar 2019 16:22:10,6%,41m,,,4G LTE not working,,"Monte Vista, CO",Sprint,3,Outage Report,12%,6%
35%,6%,35%,Thu 21 Mar 2019 16:22:10,6%,26m,,,Cell service down,,TX,Sprint,3,Outage Report,12%,6%
35%,6%,35%,Thu 21 Mar 2019 16:22:10,6%,18m,,,4G LTE not working,,MO,Sprint,3,Outage Report,12%,6%
35%,6%,35%,Thu 21 Mar 2019 16:22:10,6%,11m,,,Cell service down,,"Edinburg, TX",Sprint,3,Outage Report,12%,6%
35%,6%,35%,Thu 21 Mar 2019 16:22:10,6%,3m,,,Cell service down,,"Petersburg, MI",Sprint,3,Outage Report,12%,6%
42%,5%,32%,Thu 21 Mar 2019 17:36:49,5%,1h,,,Cell service down,,TX,Sprint,0,Outage Report,11%,5%
42%,5%,32%,Thu 21 Mar 2019 17:36:49,5%,1h,,,4G LTE not working,,MO,Sprint,0,Outage Report,11%,5%
42%,5%,32%,Thu 21 Mar 2019 17:36:49,5%,1h,,,Cell service down,,"Edinburg, TX",Sprint,0,Outage Report,11%,5%
42%,5%,32%,Thu 21 Mar 2019 17:36:49,5%,1h,,,Cell service down,,"Petersburg, MI",Sprint,0,Outage Report,11%,5%
42%,5%,32%,Thu 21 Mar 2019 17:36:49,5%,1h,,,4G LTE not working,,"Edinburg, TX",Sprint,0,Outage Report,11%,5%
42%,5%,32%,Thu 21 Mar 2019 17:36:49,5%,29m,,,4G LTE not working,,"San Antonio, TX",Sprint,0,Outage Report,11%,5%
,,,Thu 21 Mar 2019 16:22:46,,Mar 19,,,Internet down,,"Keego Harbor, MI",Comcast Business,0,Outage Report,,
,,,Thu 21 Mar 2019 16:22:46,,Mar 19,,,Landline problems,,"Woodstock, GA",Comcast Business,0,Outage Report,,
,,,Thu 21 Mar 2019 16:22:46,,Mar 19,,,Internet down,,"Seattle, WA",Comcast Business,0,Outage Report,,
,,,Thu 21 Mar 2019 16:22:46,,Mar 20,,,Internet down,,"Cambridge, MA",Comcast Business,0,Outage Report,,
,,,Thu 21 Mar 2019 16:22:46,,22h,,,Internet down,,"Decatur, GA",Comcast Business,0,Outage Report,,
,,,Thu 21 Mar 2019 16:22:46,,19h,,,Internet down,,"Oakland, CA",Comcast Business,0,Outage Report,,
,,,Thu 21 Mar 2019 17:15:06,40%,16h,60%,,Internet down,,"The Bronx, NY",Optimum,0,Outage Report,,
,,,Thu 21 Mar 2019 17:15:06,40%,11h,60%,,Internet down,,"New York, NY",Optimum,0,Outage Report,,
,,,Thu 21 Mar 2019 17:15:06,40%,11h,60%,,Internet down,,"Santa Fe, NM",Optimum,0,Outage Report,,
,,,Thu 21 Mar 2019 17:15:06,40%,10h,60%,,Internet down,,not recognized,Optimum,0,Outage Report,,
,,,Thu 21 Mar 2019 17:15:06,40%,2h,60%,,Everything is down,,"Brooklyn, NY",Optimum,0,Outage Report,,
,,,Thu 21 Mar 2019 17:15:06,40%,2h,60%,,Everything is down,,"Brooklyn, NY",Optimum,0,Outage Report,,
38%,6%,31%,Thu 21 Mar 2019 16:21:34,6%,1h,,,4G LTE not working,,"Mira Loma, CA",Sprint,3,Outage Report,13%,6%
38%,6%,31%,Thu 21 Mar 2019 16:21:34,6%,41m,,,4G LTE not working,,"Monte Vista, CO",Sprint,3,Outage Report,13%,6%
38%,6%,31%,Thu 21 Mar 2019 16:21:34,6%,25m,,,Cell service down,,TX,Sprint,3,Outage Report,13%,6%
38%,6%,31%,Thu 21 Mar 2019 16:21:34,6%,17m,,,4G LTE not working,,MO,Sprint,3,Outage Report,13%,6%
38%,6%,31%,Thu 21 Mar 2019 16:21:34,6%,11m,,,Cell service down,,"Edinburg, TX",Sprint,3,Outage Report,13%,6%
38%,6%,31%,Thu 21 Mar 2019 16:21:34,6%,3m,,,Cell service down,,"Petersburg, MI",Sprint,3,Outage Report,13%,6%
,,,Thu 21 Mar 2019 17:33:25,67%,16h,33%,,Internet down,,"The Bronx, NY",Optimum,0,Outage Report,,
,,,Thu 21 Mar 2019 17:33:25,67%,12h,33%,,Internet down,,"New York, NY",Optimum,0,Outage Report,,
,,,Thu 21 Mar 2019 17:33:25,67%,12h,33%,,Internet down,,"Santa Fe, NM",Optimum,0,Outage Report,,
,,,Thu 21 Mar 2019 17:33:25,67%,10h,33%,,Internet down,,not recognized,Optimum,0,Outage Report,,
,,,Thu 21 Mar 2019 17:33:25,67%,2h,33%,,Everything is down,,"Brooklyn, NY",Optimum,0,Outage Report,,
,,,Thu 21 Mar 2019 17:33:25,67%,2h,33%,,Everything is down,,"Brooklyn, NY",Optimum,0,Outage Report,,
,,,Thu 21 Mar 2019 17:15:12,,17h,40%,40%,Internet down,,"Madison, WI",Windstream,0,Outage Report,,20%
,,,Thu 21 Mar 2019 17:15:12,,11h,40%,40%,Internet down,,"Alexander City, AL",Windstream,0,Outage Report,,20%
,,,Thu 21 Mar 2019 17:15:12,,2h,40%,40%,Website down,,"Omaha, NE",Windstream,0,Outage Report,,20%
,,,Thu 21 Mar 2019 17:15:12,,1h,40%,40%,Internet speed issues,,"Kennesaw, GA",Windstream,0,Outage Report,,20%
,,,Thu 21 Mar 2019 17:15:12,,1h,40%,40%,Internet down,,"Fort Lauderdale, FL",Windstream,0,Outage Report,,20%
,,,Thu 21 Mar 2019 17:15:12,,30m,40%,40%,Internet speed issues,,"Newark, OH",Windstream,0,Outage Report,,20%
,,,Thu 21 Mar 2019 16:22:38,,16h,100%,,Internet down,,"The Bronx, NY",Time Warner Cable,1,Outage Report,,
,,,Thu 21 Mar 2019 16:22:38,,16h,100%,,Internet down,,"The Bronx, NY",Time Warner Cable,1,Outage Report,,
,,,Thu 21 Mar 2019 16:22:38,,10h,100%,,Internet down,,"Pacoima, CA",Time Warner Cable,1,Outage Report,,
,,,Thu 21 Mar 2019 16:22:38,,4h,100%,,Internet down,,"Charlotte, NC",Time Warner Cable,1,Outage Report,,
,,,Thu 21 Mar 2019 16:22:38,,2h,100%,,Internet down,,"Lake Geneva, WI",Time Warner Cable,1,Outage Report,,
,,,Thu 21 Mar 2019 16:22:38,,6m,100%,,Internet down,,"Taylor, MI",Time Warner Cable,1,Outage Report,,
,,,Thu 21 Mar 2019 17:36:55,,17h,40%,40%,Internet down,,"Madison, WI",Windstream,0,Outage Report,,20%
,,,Thu 21 Mar 2019 17:36:55,,11h,40%,40%,Internet down,,"Alexander City, AL",Windstream,0,Outage Report,,20%
,,,Thu 21 Mar 2019 17:36:55,,2h,40%,40%,Website down,,"Omaha, NE",Windstream,0,Outage Report,,20%
,,,Thu 21 Mar 2019 17:36:55,,1h,40%,40%,Internet speed issues,,"Kennesaw, GA",Windstream,0,Outage Report,,20%
,,,Thu 21 Mar 2019 17:36:55,,1h,40%,40%,Internet down,,"Fort Lauderdale, FL",Windstream,0,Outage Report,,20%
,,,Thu 21 Mar 2019 17:36:55,,52m,40%,40%,Internet speed issues,,"Newark, OH",Windstream,0,Outage Report,,20%
,,,Thu 21 Mar 2019 16:22:07,40%,15h,60%,,Internet down,,"The Bronx, NY",Optimum,0,Outage Report,,
,,,Thu 21 Mar 2019 16:22:07,40%,10h,60%,,Internet down,,"New York, NY",Optimum,0,Outage Report,,
,,,Thu 21 Mar 2019 16:22:07,40%,10h,60%,,Internet down,,"Santa Fe, NM",Optimum,0,Outage Report,,
,,,Thu 21 Mar 2019 16:22:07,40%,9h,60%,,Internet down,,not recognized,Optimum,0,Outage Report,,
,,,Thu 21 Mar 2019 16:22:07,40%,1h,60%,,Everything is down,,"Brooklyn, NY",Optimum,0,Outage Report,,
,,,Thu 21 Mar 2019 16:22:07,40%,1h,60%,,Everything is down,,"Brooklyn, NY",Optimum,0,Outage Report,,
,,,Thu 21 Mar 2019 16:22:11,,16h,100%,,Internet down,,"The Bronx, NY",Time Warner Cable,1,Outage Report,,
,,,Thu 21 Mar 2019 16:22:11,,16h,100%,,Internet down,,"The Bronx, NY",Time Warner Cable,1,Outage Report,,
,,,Thu 21 Mar 2019 16:22:11,,10h,100%,,Internet down,,"Pacoima, CA",Time Warner Cable,1,Outage Report,,
,,,Thu 21 Mar 2019 16:22:11,,4h,100%,,Internet down,,"Charlotte, NC",Time Warner Cable,1,Outage Report,,
,,,Thu 21 Mar 2019 16:22:11,,2h,100%,,Internet down,,"Lake Geneva, WI",Time Warner Cable,1,Outage Report,,
,,,Thu 21 Mar 2019 16:22:11,,6m,100%,,Internet down,,"Taylor, MI",Time Warner Cable,1,Outage Report,,
,,,Thu 21 Mar 2019 16:21:52,40%,15h,60%,,Internet down,,"The Bronx, NY",Optimum,0,Outage Report,,
,,,Thu 21 Mar 2019 16:21:52,40%,10h,60%,,Internet down,,"New York, NY",Optimum,0,Outage Report,,
,,,Thu 21 Mar 2019 16:21:52,40%,10h,60%,,Internet down,,"Santa Fe, NM",Optimum,0,Outage Report,,
,,,Thu 21 Mar 2019 16:21:52,40%,9h,60%,,Internet down,,not recognized,Optimum,0,Outage Report,,
,,,Thu 21 Mar 2019 16:21:52,40%,1h,60%,,Everything is down,,"Brooklyn, NY",Optimum,0,Outage Report,,
,,,Thu 21 Mar 2019 16:21:52,40%,1h,60%,,Everything is down,,"Brooklyn, NY",Optimum,0,Outage Report,,
